
[
    {
        "id": 1,
        "name": "Don Ford",
        "email": "caesar.zieme@kacey.net",
        "profileImage": "first",
        "likes": "12.2K",
        "text": "Do you want to download free song for ipod? If so, reading this article could save you from getting in to a lot of trouble! Downloading music to your Ipod has more than one pitfall associated with it, and this article will tell you the best way to download free song for Ipod."
    },
    {
        "name": "Louisa Poole",
        "email": "heloise.kub@gmail.com",
        "profileImage": "second",
        "likes": "34.5K",
        "id": 2,
        "text": "The point of this article is to help you grasp the big picture of getting six pack abs."
    },
    {
        "name": "Brent Neal",
        "email": "christina_raynor@hotmail.com",
        "profileImage": "third",
        "likes": "22.2K",
        "id": 3,
        "text": "In short, to get six pack abs, you need to get leaner and develop your abs’ musculature. This is done through training and nutrition. The topic of nutrition is covered extensively elsewhere on the net: I won’t delve in it."
    },
    {
        "id": 4,
        "name": "Don Ford",
        "email": "caesar.zieme@kacey.net",
        "profileImage": "first",
        "likes": "12.2K",
        "text": "Do you want to download free song for ipod? If so, reading this article could save you from getting in to a lot of trouble! Downloading music to your Ipod has more than one pitfall associated with it, and this article will tell you the best way to download free song for Ipod."
    },
    {
        "name": "Louisa Poole",
        "email": "heloise.kub@gmail.com",
        "profileImage": "second",
        "likes": "34.5K",
        "id": 5,
        "text": "The point of this article is to help you grasp the big picture of getting six pack abs."
    },
    {
        "name": "Brent Neal",
        "email": "christina_raynor@hotmail.com",
        "profileImage": "third",
        "likes": "22.2K",
        "id": 6,
        "text": "In short, to get six pack abs, you need to get leaner and develop your abs’ musculature. This is done through training and nutrition. The topic of nutrition is covered extensively elsewhere on the net: I won’t delve in it."
    }
]
